Timestamp,Op-Count,,,,,,,,Byte-Count,,,,,,,,Avg-ResTime,,,,,,,,Avg-ProcTime,,,,,,,,Throughput,,,,,,,,Bandwidth,,,,,,,,Succ-Ratio,,,,,,,,Version-Info,,
,1-write-write,2-write-write,3-write-write,1-list-list,1-delete-delete,1-read-read,2-read-read,3-read-read,1-write-write,2-write-write,3-write-write,1-list-list,1-delete-delete,1-read-read,2-read-read,3-read-read,1-write-write,2-write-write,3-write-write,1-list-list,1-delete-delete,1-read-read,2-read-read,3-read-read,1-write-write,2-write-write,3-write-write,1-list-list,1-delete-delete,1-read-read,2-read-read,3-read-read,1-write-write,2-write-write,3-write-write,1-list-list,1-delete-delete,1-read-read,2-read-read,3-read-read,1-write-write,2-write-write,3-write-write,1-list-list,1-delete-delete,1-read-read,2-read-read,3-read-read,1-write-write,2-write-write,3-write-write,1-list-list,1-delete-delete,1-read-read,2-read-read,3-read-read,Min-Version,Version,Max-Version
08:48:23,3,2,0,1,3,4,5,0,192000,128000000,0,0,0,256000,320000000,0,108.33,1091.5,N/A,17,44.33,25.25,463,N/A,108.33,351.5,N/A,17,44.33,25,78.2,N/A,0.59,0.39,0,0.2,0.59,0.79,0.98,0,37765.54,25177025.96,0,0,0,50354.05,62942564.91,0,100%,100%,N/A,100%,100%,100%,100%,N/A,0,0,0
08:48:28,22,21,12,37,23,61,67,38,1408000,1344000000,12000000000,0,0,3904000,4288000000,38000000000,90.86,917.38,7590.33,51.76,71.87,45.39,558.52,6869.84,90.77,356.71,419.17,51.76,71.87,45.25,94.13,110.87,2.92,2.89,1.43,5.06,3.05,8.35,9.13,5.13,186920.84,184887943.96,1434928863.23,0,0,534159.32,584200639.86,5134322304.86,100%,100%,100%,100%,100%,100%,100%,100%,1,1,1
08:48:33,19,15,10,18,27,55,51,30,1216000,960000000,10000000000,0,0,3520000,3264000000,30000000000,107.26,781.2,9414.2,60.56,79.81,50.93,569.04,8249.87,107.05,272.27,381.6,60.56,79.81,50.82,78.55,82.6,2.91,2.55,1.53,3.03,4.36,8.79,8.1,4.98,186349.19,163046239.24,1532033449.47,0,0,562421.5,518603081.53,4980125165.86,100%,100%,100%,100%,100%,100%,100%,100%,2,2,2
08:48:38,20,19,16,31,39,67,66,30,1280000,1216000000,16000000000,0,0,4288000,4224000000,30000000000,1160.3,1831.26,8972.62,640.65,65.79,192.45,2528.85,8599.33,1160.15,340.63,434.12,640.65,65.79,189.27,2010.18,104.77,3.57,3.47,2.95,5.63,7.41,12.32,11.79,6.07,228779.97,222336177.77,2948843005.46,0,0,788489.88,754544286.42,6070540299.32,100%,100%,100%,100%,100%,100%,100%,100%,3,3,3
08:48:43,16,14,8,33,19,54,56,32,1024000,896000000,8000000000,0,0,3456000,3584000000,32000000000,83.38,986.36,7727.12,40.73,58.58,48.59,585.21,7681.75,83.19,393.43,289.5,40.7,58.58,48.43,79.37,87.19,3.24,2.64,1.73,6.51,4.17,11.29,11.53,6.3,207405.55,169230833.68,1731557564.04,0,0,722869.39,737623359.59,6300845388.59,100%,100%,100%,100%,100%,100%,100%,100%,4,4,4
08:48:48,31,27,13,35,24,85,70,43,1984000,1728000000,13000000000,0,0,5440000,4480000000,43000000000,125,871.41,9696.92,892.37,67.38,300.14,685.96,8410.86,124.9,324.07,490.08,892.37,67.38,299.89,79.61,533.12,6.69,5.42,2.59,7.19,4.7,16.9,13.93,8.55,428302.4,347079727.55,2594837292.84,0,0,1081813.49,891775431.4,8546202803.15,100%,100%,100%,100%,100%,100%,100%,100%,5,5,5
08:48:53,15,20,12,22,26,55,60,28,960000,1280000000,12000000000,0,0,3520000,3840000000,28000000000,201.6,946.25,8842.42,37.5,73,55.15,1138.93,7384.93,201.53,379,240,37.5,73,54.95,550.67,95.32,2.73,3.76,2.3,3.97,5.07,10.57,11.39,5.36,174454.58,240575790.22,2297297048.06,0,0,676517.85,729219220.62,5364100116.55,100%,100%,100%,100%,100%,100%,100%,100%,6,6,6
08:48:58,26,26,10,33,29,80,74,40,1664000,1664000000,10000000000,0,0,5120000,4736000000,40000000000,215.65,1034.04,9978.4,44.64,68.79,84.89,609.61,7377.68,215.62,440.58,509.2,44.64,68.79,77.09,75.43,123.85,5.31,5.27,2.07,7.09,5.82,16.38,15.39,8.11,339647.05,337239159.64,2072984080.67,0,0,1048581.45,984773490.3,8113865454.79,100%,100%,100%,100%,100%,100%,100%,100%,7,7,7
08:49:03,22,22,8,20,20,52,63,33,1408000,1408000000,8000000000,0,0,3328000,4032000000,33000000000,191.77,1061.95,9946.38,50.95,65.85,67.79,847.4,8660.15,191.73,351.05,472.75,50.95,65.85,67.6,327.98,671.61,4.66,5.05,1.85,4,4.07,10.47,13.28,6.57,298515.41,323437721.33,1851272576.87,0,0,669952.55,850222230.98,6569325400.47,100%,100%,100%,100%,100%,100%,100%,100%,8,8,8
08:49:08,22,18,14,23,27,58,63,34,1408000,1152000000,14000000000,0,0,3712000,4032000000,34000000000,346.14,1420.67,9671.07,39.26,70.41,44.41,689.21,7293.88,345.95,372.39,394.36,39.26,70.41,44.22,99.75,96.24,5.08,3.74,2.96,5.21,6.16,12.72,13.46,7.1,324809.78,239637339.54,2955333014.42,0,0,814379.14,861604354.44,7097560867.62,100%,100%,100%,100%,100%,100%,100%,100%,9,9,9
08:49:13,17,15,7,20,27,53,58,30,1088000,960000000,7000000000,0,0,3392000,3712000000,30000000000,137.29,991.6,9545.14,49.45,55.7,46.53,679.66,8459.03,137.18,354,545.57,49.45,55.7,46.28,83.4,110.4,3.7,2.99,1.49,4.11,5.91,10.76,11.7,6.49,236946.27,191583062.59,1489505887.31,0,0,688806.47,748566470.91,6487072291.73,100%,100%,100%,100%,100%,100%,100%,100%,10,10,10
08:49:18,21,21,14,21,20,67,55,39,1344000,1344000000,14000000000,0,0,4288000,3520000000,39000000000,319.71,889.95,9709.21,31.52,566.8,468.24,706.51,7244.41,319.67,342.24,447.79,31.52,566.8,468.1,96.47,92.18,4.45,4.89,3.15,4.22,4.43,13.78,12.14,8.4,284922.88,312870607.56,3147692396.55,0,0,881858.55,777259281.22,8403247647.31,100%,100%,100%,100%,100%,100%,100%,100%,11,11,11
08:49:23,24,21,9,44,34,95,84,37,1536000,1344000000,9000000000,0,0,6080000,5376000000,37000000000,128.79,966.24,9547.89,47.07,58.88,56.49,844.74,8784.84,128.75,409.43,584.67,47.07,58.88,56.29,355.17,121.05,4.99,4.14,1.7,8.32,6.81,18.2,16.4,7.31,319135.54,265149063.18,1699671623.19,0,0,1164668.22,1049658176.86,7306632256.93,100%,100%,100%,100%,100%,100%,100%,100%,12,12,12
08:49:28,38,30,11,35,28,67,69,40,2432000,1920000000,11000000000,0,0,4288000,4416000000,40000000000,127.13,1020.63,8319,41.86,56.18,53.39,585.96,8094.35,127.08,431.43,338.82,41.86,56.18,49.97,86.41,813.93,7.22,5.69,2.21,6.81,5.6,12.87,14,7.91,462013.76,364018762.08,2210334252.38,0,0,823411.94,895693283.21,7909574253.02,100%,100%,100%,100%,100%,100%,100%,100%,13,13,13
08:49:33,32,29,14,38,26,78,79,32,2048000,1856000000,14000000000,0,0,4992000,5056000000,32000000000,125.88,883.93,9022,162.84,83.58,43.31,704.7,7591.12,125.81,314.38,315.64,162.84,83.58,43.1,214.59,89.12,6.23,5.69,2.57,7.35,4.86,14.95,14.84,5.9,398558.03,364195104.03,2572721188.6,0,0,956823.4,950074418.91,5896797831.33,100%,100%,100%,100%,100%,100%,100%,100%,14,14,14
08:49:38,27,21,12,32,34,58,77,39,1728000,1344000000,12000000000,0,0,3712000,4928000000,39000000000,117.41,946.05,10153.42,44.22,55.94,39.45,601.51,7556.67,117.37,387.9,497.5,44.22,55.94,35.78,103.34,101.28,5.27,4.23,2.29,6.36,6.71,11.49,15.12,7.61,337422.53,270652407.2,2285315756.93,0,0,735353.88,967844797.82,7607499614.67,100%,100%,100%,100%,100%,100%,100%,100%,15,15,15
08:49:43,31,30,13,39,33,64,47,32,1984000,1920000000,13000000000,0,0,4096000,3008000000,32000000000,122.87,1393.6,9103.15,40.21,55.36,821.2,671.64,7124.12,122.77,389.17,611.46,40.21,55.36,817.67,151.34,98.56,6.22,5.63,2.56,7.62,7.14,13.06,9.42,6.25,398068.26,360225882.61,2562265240.56,0,0,835743.86,602938266.18,6245778522.28,100%,100%,100%,100%,100%,100%,100%,100%,16,16,16
08:49:48,29,25,11,26,19,69,71,26,1856000,1600000000,11000000000,0,0,4416000,4544000000,26000000000,100.62,960.6,9623.64,55.69,46.47,56.12,630.11,7847.58,100.38,503.6,736.64,55.69,46.47,55.9,90.31,504.65,6.36,5.51,1.96,6.26,3.9,16.12,16.14,4.99,406807.39,352772765.53,1959346879.87,0,0,1031669.53,1032893229.18,4985609258.51,100%,100%,100%,100%,100%,100%,100%,100%,17,17,17
08:49:53,24,24,18,24,30,70,78,34,1536000,1536000000,18000000000,0,0,4480000,4992000000,34000000000,140.29,973.25,11677.61,36.33,50.83,65.73,620.45,8333.38,140.12,521.75,619,36.33,50.83,65.49,112.68,90.21,5.23,5.06,3.6,5.17,6.01,14.32,16.89,6.77,334653.48,323879633.24,3601150388.45,0,0,916637.46,1081109846.2,6769739186.26,100%,100%,100%,100%,100%,100%,100%,100%,18,18,18
08:49:59,25,18,10,33,16,67,72,32,1600000,1152000000,10000000000,0,0,4288000,4608000000,32000000000,83.48,965.61,11402.9,31.82,61,54.9,1053.06,7856.44,83.36,397.72,609.2,31.82,61,54.75,459.9,93.78,4.45,3.39,1.94,6.08,2.99,12.6,13.47,6.41,284834.72,217237915.07,1939644500.06,0,0,806696.42,861921777.59,6414489608.52,100%,100%,100%,100%,100%,100%,100%,100%,19,19,19
08:50:04,34,24,11,30,29,76,68,38,2176000,1536000000,11000000000,0,0,4864000,4352000000,38000000000,581.24,2037.54,9743.09,37.8,79.9,309.14,747.78,8030.61,581.24,454.83,487.82,37.8,79.9,306.3,95.74,102.42,6.78,4.29,2.1,5.65,5.86,15.11,13.35,7.23,433670.55,274486087.64,2096337107.48,0,0,967195.57,854667379.3,7233290347.98,100%,100%,100%,100%,100%,100%,100%,100%,20,20,20
08:50:09,18,20,11,39,25,74,55,45,1152000,1280000000,11000000000,0,0,4736000,3520000000,45000000000,191.56,919.15,9958,40,68,80.5,749.91,6703.16,191.5,395,305.55,39.97,68,74.84,129.98,113.04,3.6,3.81,2.55,7.65,5.29,15.16,11.03,8.96,230592.03,243790223.76,2547963450.49,0,0,970470.31,706233698.79,8956792387.85,100%,100%,100%,100%,100%,100%,100%,100%,21,21,21
08:50:14,31,30,10,41,33,86,91,43,1984000,1920000000,10000000000,0,0,5504000,5824000000,43000000000,93.45,750.53,7244,266.22,86.39,32.26,477.48,7189.3,93.35,329.6,353.6,266.22,86.39,32.06,51.35,74.7,5.66,5.83,1.77,7.12,6.25,16.37,17.6,8.48,362559.07,373304975.16,1772751007.85,0,0,1047770.08,1126300852.8,8483320976.5,100%,100%,100%,100%,100%,100%,100%,100%,22,22,22
08:50:19,24,26,9,32,26,58,78,39,1536000,1664000000,9000000000,0,0,3712000,4992000000,39000000000,103.88,723.35,7964.44,27.41,64.38,48.72,561.36,7430.13,103.83,332.92,272,27.41,64.38,45.07,87.74,93.95,4.68,5.2,1.61,6.67,5.36,11.9,15.77,7.72,299391.25,332686175.31,1609479016.43,0,0,761802.3,1009495256.97,7717031654.69,100%,100%,100%,100%,100%,100%,100%,100%,23,23,23
08:50:24,16,19,11,21,32,79,77,41,1024000,1216000000,11000000000,0,0,5056000,4928000000,41000000000,123.19,3216,9607,1025.81,42.44,753.78,797.49,6869.88,123,245.16,474.27,1025.81,42.44,753.57,343.25,76.56,3,3.54,2.14,4.22,6.52,15.29,14.89,8.15,192025.58,226825458.05,2139281112.43,0,0,978421.86,952705470.89,8148254278.48,100%,100%,100%,100%,100%,100%,100%,100%,24,24,24
08:50:29,23,32,14,28,38,65,69,42,1472000,2048000000,14000000000,0,0,4160000,4416000000,42000000000,148.09,886.88,8106.64,31.93,48.47,41.52,537.01,6691.71,147.96,421.31,470.21,31.93,48.47,41.25,77.06,74.33,4.47,6.83,2.75,5.72,7.43,12.62,13.69,7.98,286372.87,437401624.64,2749026311.92,0,0,807646.11,876392595.98,7976643375.47,100%,100%,100%,100%,100%,100%,100%,100%,25,25,25
08:50:34,32,34,12,48,45,90,97,38,2048000,2176000000,12000000000,0,0,5760000,6208000000,38000000000,101.81,863.94,8567.5,25.96,54.67,65.1,532.35,7190.08,101.78,400.62,297.42,25.96,54.67,64.86,67.87,116.26,5.59,6.16,2.36,8.9,7.72,16.32,17.44,7.12,357675.62,393970147.24,2359865708.19,0,0,1044560.15,1115897966.56,7120145258.76,100%,100%,100%,100%,100%,100%,100%,100%,26,26,26
08:50:39,14,27,10,20,19,54,60,34,896000,1728000000,10000000000,0,0,3456000,3840000000,34000000000,116.86,837.44,9019,36.05,53.79,36.26,613.9,7521.24,116.79,354.78,486.3,36.05,53.79,36,88.3,139.29,3.04,5.78,2.06,4.35,4.46,11.11,12.61,7.41,194302.76,369700629.09,2055287392.3,0,0,710726.38,806810458.06,7412981711.51,100%,100%,100%,100%,100%,100%,100%,100%,27,27,27
08:50:44,24,30,13,38,46,80,85,43,1536000,1920000000,13000000000,0,0,5120000,5440000000,43000000000,99.42,1013.93,7956.85,1056.53,44.83,422.41,470.15,7021.81,99.33,327.33,460.23,1056.53,44.83,422.2,59.31,85.02,4.65,6.19,2.77,8.01,9.43,16.25,17.28,8.52,297849.06,396037881.11,2774550907.43,0,0,1040138.86,1106160792.76,8523645494.25,100%,100%,100%,100%,100%,100%,100%,100%,28,28,28
08:50:49,19,21,9,22,37,64,67,31,1216000,1344000000,9000000000,0,0,4096000,4288000000,31000000000,61.79,641.24,8267.22,20.32,48.62,60.64,534,7146.35,61.58,271.1,478.78,20.32,48.62,60.39,66.45,73.13,4.53,4.57,1.85,4.56,8.53,14.54,15.28,6.43,289728.15,292371290.02,1850647379.13,0,0,930321.51,978140878.88,6428325032.45,100%,100%,100%,100%,100%,100%,100%,100%,29,29,29
08:50:54,29,29,7,31,34,56,75,43,1856000,1856000000,7000000000,0,0,3584000,4800000000,43000000000,83.45,913.86,10167.29,563.77,48.59,27.59,539.88,8155.23,83.34,374.62,528.57,563.77,48.59,27.41,61.09,118.3,5.97,5.41,1.48,6.6,7.31,12.11,15.82,9.15,381828.39,346475586.7,1483523487.31,0,0,774776.05,1012423657.32,9149377073.58,100%,100%,100%,100%,100%,100%,100%,100%,30,30,30
08:50:59,27,30,14,32,36,87,79,29,1728000,1920000000,14000000000,0,0,5568000,5056000000,29000000000,89.89,1052.83,10788.64,17.16,56.17,47.9,648.99,7019.28,89.85,263.23,627.43,17.16,56.17,45.37,58.67,56.97,4.63,5.24,2.59,5.97,6.72,15.66,14.25,5.3,296390.74,335048969.52,2592599343.74,0,0,1002193.29,911886825.76,5299557428.54,100%,100%,100%,100%,100%,100%,100%,100%,31,31,31
08:51:04,19,20,14,29,30,69,68,37,1216000,1280000000,14000000000,0,0,4416000,4352000000,37000000000,1928.84,732.95,11030.36,52.48,53.03,821.19,583.6,7905.24,1928.84,293.6,592.64,52.45,53.03,820.94,119.78,81.11,3.84,3.98,2.57,5.56,5.81,13.02,13.5,7.52,245982.14,254563842.61,2574104309.08,0,0,833014.44,863783525.52,7517371746.27,100%,100%,100%,100%,100%,100%,100%,100%,32,32,32
08:51:09,24,17,14,35,35,77,71,36,1536000,1088000000,14000000000,0,0,4928000,4544000000,36000000000,122.75,865.41,8241.36,23.89,49.71,51.42,547,6788.39,122.75,303.88,477.57,23.89,49.71,51.14,54.56,132.39,5.04,3.54,2.84,7.2,7.62,15.88,14.11,7.21,322511.04,226288924.17,2839508577.02,0,0,1016638.25,902990015.35,7214802970.53,100%,100%,100%,100%,100%,100%,100%,100%,33,33,33
08:51:14,27,19,18,39,40,80,91,43,1728000,1216000000,18000000000,0,0,5120000,5824000000,43000000000,82.44,1316.47,9821.78,370.08,196.4,35.4,535.14,7858.42,82.26,398,417.39,370.08,196.4,35.2,65.07,1152.91,5.43,3.47,3.47,7.85,7.42,15.46,17.31,8.69,347745.2,222008522.42,3467312384.48,0,0,989265.25,1108120905.57,8692108467.31,100%,100%,100%,100%,100%,100%,100%,100%,34,34,34
08:51:19,15,24,6,20,19,48,54,33,960000,1536000000,6000000000,0,0,3072000,3456000000,33000000000,86.13,783.54,11776.5,23.65,50.05,28.15,504.83,6941.82,86.07,308.54,485,23.65,50.05,27.85,61.24,76.97,2.86,4.51,1.32,3.59,3.32,8.13,9.77,6.03,183356.15,288839262.99,1324558016.4,0,0,520462.33,625432688.89,6033299722.57,100%,100%,100%,100%,100%,100%,100%,100%,35,35,35
08:51:24,29,22,20,30,35,64,86,40,1856000,1408000000,20000000000,0,0,4096000,5504000000,40000000000,146.07,1109.73,9754.65,46.5,54.51,25.59,538.36,6704.73,146.07,419.41,514.55,46.5,54.51,22.19,52.78,79.03,6.83,4.47,4.05,6.8,7.47,14.31,18.29,8.82,437067.02,286370250.68,4050384131.66,0,0,915869.25,1170845557.68,8824130653.15,100%,100%,100%,100%,100%,100%,100%,100%,36,36,36
08:51:29,17,16,10,31,27,62,55,35,1088000,1024000000,10000000000,0,0,3968000,3520000000,35000000000,82.35,854.56,9421.5,22.97,51.11,48.48,473.73,6389.71,82.24,473.75,632.3,22.97,51.11,44.94,50.11,104.91,3.07,3.26,1.9,5.69,5.02,11.72,11.33,6.92,196484.52,208582409.91,1897368969.89,0,0,749954.64,724841099.1,6924333139.2,100%,100%,100%,100%,100%,100%,100%,100%,37,37,37
08:51:34,28,24,8,44,38,87,81,34,1792000,1536000000,8000000000,0,0,5568000,5184000000,34000000000,163.11,1597,9627.25,611.59,350.53,684.07,1042.62,6934.44,162.93,337.25,570.75,611.59,350.53,683.77,587.86,93.85,5.66,4.42,1.62,8.91,7.93,17.51,16.09,7.05,362547.9,282626176,1619999861.77,0,0,1120946.47,1030001587.8,7052773586.72,100%,100%,100%,100%,100%,100%,100%,100%,38,38,38
08:51:39,32,29,19,43,39,77,73,46,2048000,1856000000,19000000000,0,0,4928000,4672000000,46000000000,148.78,1164.17,11505.63,25.51,58.38,27.77,597.78,6766.2,148.72,584.31,625.37,25.51,58.38,27.56,52.45,63.48,6.25,5.5,3.9,9.26,8,16.19,15.29,9.2,400308.97,352206445.7,3898886063.34,0,0,1035922.19,978279017.52,9204872596.43,100%,100%,100%,100%,100%,100%,100%,100%,39,39,39
08:51:44,44,27,14,41,31,101,94,42,2816000,1728000000,14000000000,0,0,6464000,6016000000,42000000000,347.11,955.89,8280.93,26.07,70.52,37.02,471.7,5719.52,347.05,378.67,438.14,26.07,70.52,34.74,53.85,64.6,7.88,4.69,2.72,7.29,5.51,19.84,16.4,7.51,504350.17,299930769,2717729176.98,0,0,1270032.41,1049684759.83,7506893662.76,100%,100%,100%,100%,100%,100%,100%,100%,40,40,40
08:51:49,36,29,10,32,28,75,79,42,2304000,1856000000,10000000000,0,0,4800000,5056000000,42000000000,238.86,875.14,10187.1,27.44,51.21,21.75,560.96,6524.17,238.78,426.86,574.7,27.44,51.21,21.44,105.39,61.14,7.12,5.77,1.96,6.21,5.97,15.17,15.87,8.09,455465.09,369114817.92,1956924918.79,0,0,970964.33,1015464042.36,8093299097.25,100%,100%,100%,100%,100%,100%,100%,100%,41,41,41
08:51:54,14,28,16,25,25,55,60,35,896000,1792000000,16000000000,0,0,3520000,3840000000,35000000000,83.5,975.14,8217.25,10.28,43.44,349.49,856.77,7299.6,83.29,462.36,275.06,10.28,43.44,349.22,368.7,396.26,2.69,5.41,3.13,4.84,4.74,11.03,11.68,7.37,172175.09,346558925.17,3129976153.42,0,0,706032.74,747423756.95,7368301148.2,100%,100%,100%,100%,100%,100%,100%,100%,42,42,42
08:51:59,24,27,9,34,29,69,84,47,1536000,1728000000,9000000000,0,0,4416000,5376000000,47000000000,76,764.96,8820,70.5,59.97,25.97,482.24,7258.06,75.96,296.74,441.22,70.5,59.97,25.75,56.1,440.79,4.87,5.78,1.71,6.06,5.66,13.04,16.41,9.11,311364.14,369768645.97,1712870786.75,0,0,834738.65,1050246870,9110154767.1,100%,100%,100%,100%,100%,100%,100%,100%,43,43,43
08:52:04,25,32,13,39,41,92,87,45,1600000,2048000000,13000000000,0,0,5888000,5568000000,45000000000,59.04,776.53,8370.38,12.21,65.98,29.7,486.97,6543,59.04,298.84,407.54,12.21,65.98,29.45,55,90.16,4.72,6.2,2.75,7.11,7.91,18.31,17.71,8.98,302077.71,397019239.36,2747536103.04,0,0,1171880.95,1133598937.51,8978725177.55,100%,100%,100%,100%,100%,100%,100%,100%,44,44,44
08:52:09,23,24,12,36,26,82,74,36,1472000,1536000000,12000000000,0,0,5248000,4736000000,36000000000,130.09,774.71,9573,20.69,49.04,49.2,485.23,6582.75,130,263.46,507.92,20.69,49.04,48.98,62.69,56.03,4.83,4.96,2.29,7.44,5.14,16.43,14.48,7.64,309421.04,317731805.13,2291891910.37,0,0,1051382.17,926716747.47,7636960330.17,100%,100%,100%,100%,100%,100%,100%,100%,45,45,45
08:52:14,26,34,12,41,37,104,87,46,1664000,2176000000,12000000000,0,0,6656000,5568000000,46000000000,668.85,770.68,9210.25,19.22,710.59,211.92,464.1,6132.96,668.73,262.06,474,19.22,710.59,209.64,84.75,74.3,5.5,6.94,2.66,8.37,7.85,21.94,17.8,9.02,351958.94,444050759.04,2661587545.39,0,0,1404113.72,1139411089.58,9018171477.3,100%,100%,100%,100%,100%,100%,100%,100%,46,46,46
08:52:19,30,23,12,37,31,88,93,38,1920000,1472000000,12000000000,0,0,5632000,5952000000,38000000000,105.63,608.52,9175.25,298.81,51.77,219.52,461.32,6393,105.53,246.39,554.83,298.81,51.77,219.31,60.28,70.05,6.15,4.7,2.25,7.96,5.73,16.96,18.29,7.48,393821.81,300840056.41,2249272919,0,0,1085199.43,1170407808.7,7481663157.45,100%,100%,100%,100%,100%,100%,100%,100%,47,47,47
08:52:24,23,20,7,30,24,63,60,30,1472000,1280000000,7000000000,0,0,4032000,3840000000,30000000000,198.61,921.7,10514,16.73,63.25,19.22,570.68,7334.67,198.48,415.75,611.71,16.73,63.25,18.94,58.17,72,4.44,4.2,1.39,5.76,5.07,12.82,12.29,6.28,283967.31,269067231.51,1388958236.28,0,0,820526.07,786772906.77,6281703752.99,100%,100%,100%,100%,100%,100%,100%,100%,48,48,48
08:52:29,33,33,19,43,52,91,105,46,2112000,2112000000,19000000000,0,0,5824000,6720000000,46000000000,94.82,826.76,10706.95,25.67,47.44,22.57,532.19,7828.41,94.73,346.12,361.79,25.67,47.44,20.1,55,548.24,6.41,6.36,3.79,9.01,9.91,18.33,20.5,9.19,410338.21,406860453.1,3794510024.83,0,0,1173145.02,1311801454.65,9186806122.27,100%,100%,100%,100%,100%,100%,100%,100%,49,49,49
08:52:34,29,25,8,42,37,81,69,38,1856000,1600000000,8000000000,0,0,5184000,4416000000,38000000000,184.69,981.24,11195.62,436.02,55.73,131.74,719.41,6395.71,184.66,458.04,838.25,436.02,55.73,128.95,314.46,74.55,6.17,4.89,1.75,9.35,7.51,17.02,14.94,7.4,395110.4,312765313.96,1754484358.09,0,0,1089544.64,956061206.05,7399424436.27,100%,100%,100%,100%,100%,100%,100%,100%,50,50,50
08:52:39,24,21,8,44,46,101,87,50,1536000,1344000000,8000000000,0,0,6464000,5568000000,50000000000,117.58,699.62,10366.5,16.59,57.3,32.01,465.76,7283.2,117.54,361,895.12,16.59,57.3,27.42,70.1,187.94,4.98,3.97,1.61,9.69,9.27,20.56,18.29,9.62,318446.03,253787627.62,1606662596.14,0,0,1315540.3,1170437402.11,9623551245.89,100%,100%,100%,100%,100%,100%,100%,100%,51,51,51
08:52:44,26,19,13,23,22,68,66,45,1664000,1216000000,13000000000,0,0,4352000,4224000000,45000000000,74.08,887.79,8933.31,19.48,49.73,75.53,503.17,6493.2,74,436.89,232.31,19.48,49.73,75.31,65.7,132.91,4.8,3.89,2.6,4.38,4.16,13,12.31,8.54,306985.02,248681271.75,2599195348.74,0,0,831757.06,787993062.96,8538075686.34,100%,100%,100%,100%,100%,100%,100%,100%,52,52,52
08:52:49,24,34,14,39,36,80,80,40,1536000,2176000000,14000000000,0,0,5120000,5120000000,40000000000,59.08,847.56,9149,22.9,59.72,22.93,501.36,6805.5,59.08,452.29,359.93,22.9,59.72,22.73,53.96,78.35,4.84,6.85,2.6,7.27,7.12,15.2,15.96,7.57,309528.81,438376805.23,2598869825.5,0,0,973093.16,1021362366.1,7574833656.82,100%,100%,100%,100%,100%,100%,100%,100%,53,53,53
08:52:54,29,28,13,35,23,71,61,31,1856000,1792000000,13000000000,0,0,4544000,3904000000,31000000000,867.97,1716.32,8699.54,780.46,690.22,829.07,608.66,6734.48,867.93,352.93,562.92,780.46,690.22,828.79,91.25,80.39,6.35,6.59,2.58,7.58,4.2,13.68,13.25,6.18,406605.02,421461246.09,2580013263.75,0,0,875378,847967041.88,6182597108.33,100%,100%,100%,100%,100%,100%,100%,100%,54,54,54
08:52:59,34,33,14,33,34,97,75,46,2176000,2112000000,14000000000,0,0,6208000,4800000000,46000000000,123.29,797.52,9003.29,31.42,52.76,37.39,520.68,6580.52,123.15,405.55,609.43,31.42,52.76,37.18,71.77,74.17,7.35,7.21,2.75,6.78,6.75,20.52,15.17,9.44,470633.68,461391075.72,2749542885.86,0,0,1313408.86,970822313.46,9436511504.21,100%,100%,100%,100%,100%,100%,100%,100%,55,55,55
08:53:04,31,28,9,37,33,77,79,36,1984000,1792000000,9000000000,0,0,4928000,5056000000,36000000000,90.9,709,8291.56,18.22,54.55,36.52,553.62,6654.72,90.84,282.14,175.78,18.22,54.55,36.31,88.81,62.39,6.64,6.14,1.81,8.37,7.1,17.2,17.06,7.75,425127.36,392756850.53,1811926901.15,0,0,1100782.13,1092133863.46,7747917675.73,100%,100%,100%,100%,100%,100%,100%,100%,56,56,56
08:53:09,16,15,18,19,33,61,58,45,1024000,960000000,18000000000,0,0,3904000,3712000000,45000000000,182.94,868.4,10187.44,39,400.73,213.51,446.78,6933.56,182.88,303.4,639.72,39,400.73,213.26,50.64,128.96,3.49,2.75,3.23,3.94,6.27,11.02,11.6,8.88,223233.02,175775247.24,3232105040.43,0,0,705584.53,742562352.36,8876657906.71,100%,100%,100%,100%,100%,100%,100%,100%,57,57,57
08:53:14,23,23,8,34,30,81,69,33,1472000,1472000000,8000000000,0,0,5184000,4416000000,33000000000,310.83,937.17,11070.75,308.5,49.97,245.95,892.71,6499.39,310.74,425.04,204,308.5,49.97,245.75,359.28,77.3,4.61,4.42,1.6,6.44,5.92,16.25,14.08,6.09,295077.11,282807198.74,1600177697.12,0,0,1040241.96,901364447.84,6093354728.86,100%,100%,100%,100%,100%,100%,100%,100%,58,58,58
08:53:19,25,24,7,21,25,56,59,21,1600000,1536000000,7000000000,0,0,3584000,3776000000,21000000000,279.44,920.12,11807.86,25,64.24,32.59,476.64,6188.62,279.32,489.58,364.71,25,64.24,32.34,59.95,95.9,14.18,10.92,1.53,11.09,13.06,23.81,30.16,5.26,907700.95,698857913.88,1532508720.59,0,0,1523932.77,1930056010.44,5261009980.26,100%,100%,100%,100%,100%,100%,100%,100%,59,59,59
08:53:24,1,1,0,0,0,1,3,3,64000,64000000,0,0,0,64000,192000000,3000000000,96,1123,N/A,N/A,N/A,72,1512.67,4724.67,96,384,N/A,N/A,N/A,71,148.33,74.67,0.21,0.41,0,0,0,0.31,1.02,0.63,13327.78,25995125.91,0,0,0,19565.88,65126889.9,631554661.5,100%,100%,N/A,N/A,N/A,100%,100%,100%,60,60,60
08:53:29,2,1,0,1,1,2,3,3,128000,64000000,0,0,0,128000,192000000,3000000000,90,672,N/A,5,4,38.5,1110.67,4724.67,90,292,N/A,5,4,38,106.33,74.67,13.72,4.4,0,4.4,4.4,13.82,14.12,0.63,878192.64,281524926.69,0,0,0,884430.75,903996628.85,631554661.5,100%,100%,N/A,100%,100%,100%,100%,100%,60,60,61
